{
  "tokens": [
    {
      "Token": "Sky",
      "Payment_Token": 0,
      "Utility_Token": 1,
      "Investment_Token": 0,
      "Other_Class": 1,
      "Information_Class": "ERC-20 token on Ethereum, governance token",
      "Uncertainty_Class": null
    },
    {
      "Token": "SkyVerse project's $SKY token",
      "Payment_Token": 0,
      "Utility_Token": 1,
      "Investment_Token": 0,
      "Other_Class": 0,
      "Information_Class": "ERC-20 token, core utility token",
      "Uncertainty_Class": null
    }
  ]
}