{
  "tokens": [
    {
      "Token": "Bonk",
      "Airdrops": 1,
      "Initial_Coin_Offering": 0,
      "Initial_Exchange_Offering": 0,
      "Security_Token_Offering": 0,
      "Initial_DEX_Offering": 0,
      "Liquidity_Bootstrapping_Pool": 0,
      "Fair_Launch": 0,
      "Direct_Sale": 0,
      "Community_Incentives": 1,
      "Bounty_Programs": 0,
      "Other_Distribution": 0,
      "Information_Distribution": "50% airdropped to Solana community; allocations to NFT projects, DeFi users, artists, developers.",
      "Uncertainty_Distribution": "No public or private sales; no ICO, IEO, or IDO conducted."
    }
  ]
}