{
  "tokens": [
    {
      "Token": "Mantle",
      "Airdrops": 1,
      "Initial_Coin_Offering": 1,
      "Initial_Exchange_Offering": 0,
      "Security_Token_Offering": 0,
      "Initial_DEX_Offering": 0,
      "Liquidity_Bootstrapping_Pool": 0,
      "Fair_Launch": 0,
      "Direct_Sale": 0,
      "Community_Incentives": 1,
      "Bounty_Programs": 0,
      "Other_Distribution": 0,
      "Information_Distribution": "MNT distributed via ICO, airdrops, and community incentives.",
      "Uncertainty_Distribution": "Specific details on ICO and airdrop dates and amounts are unclear."
    }
  ]
}