{
  "tokens": [
    {
      "Token": "UNUS_SED_LEO",
      "Airdrops": 0,
      "Initial_Coin_Offering": 0,
      "Initial_Exchange_Offering": 1,
      "Security_Token_Offering": 0,
      "Initial_DEX_Offering": 0,
      "Liquidity_Bootstrapping_Pool": 0,
      "Fair_Launch": 0,
      "Direct_Sale": 1,
      "Community_Incentives": 0,
      "Bounty_Programs": 0,
      "Other_Distribution": 0,
      "Information_Distribution": "LEO tokens sold via private sale and IEO to raise $1 billion.",
      "Uncertainty_Distribution": "Details on private sale participants are limited."
    }
  ]
}