{
  "tokens": [
    {
      "Token": "FLOKI",
      "Airdrops": 0,
      "Initial_Coin_Offering": 0,
      "Initial_Exchange_Offering": 0,
      "Security_Token_Offering": 0,
      "Initial_DEX_Offering": 0,
      "Liquidity_Bootstrapping_Pool": 0,
      "Fair_Launch": 1,
      "Direct_Sale": 0,
      "Community_Incentives": 1,
      "Bounty_Programs": 0,
      "Other_Distribution": 0,
      "Information_Distribution": "FLOKI launched fairly; community incentives include staking rewards and token burns.",
      "Uncertainty_Distribution": "No evidence of ICO, IEO, or direct sales found."
    }
  ]
}