{
  "tokens": [
    {
      "Token": "Injective",
      "Airdrops": 0,
      "Initial_Coin_Offering": 0,
      "Initial_Exchange_Offering": 1,
      "Security_Token_Offering": 0,
      "Initial_DEX_Offering": 0,
      "Liquidity_Bootstrapping_Pool": 0,
      "Fair_Launch": 0,
      "Direct_Sale": 1,
      "Community_Incentives": 1,
      "Bounty_Programs": 0,
      "Other_Distribution": 0,
      "Information_Distribution": "INJ distributed via Binance Launchpad IEO, private sales, and community growth initiatives.",
      "Uncertainty_Distribution": null
    }
  ]
}