{
  "tokens": [
    {
      "Token": "Ethena_USDe",
      "Fixed_Supply_Hard_Cap": 0,
      "Halvening_Exponential_Decay": 0,
      "Linear_Emission": 0,
      "Staged_Vesting_Supply": 0,
      "Inflationary_Supply": 0,
      "Bonding_Curve_Issuance": 0,
      "Rebase_Elastic_Supply": 0,
      "Mint_Burn_On_Demand": 1,
      "Dynamic_Staking_Supply": 0,
      "DAO_Governance_Controlled": 0,
      "Continuous_Auction_Streaming": 0,
      "Other_Emission": 0,
      "Information_Emission": "USDe is minted/redeemed 1:1 against deposited/redeemed assets.",
      "Uncertainty_Emission": "No additional emission mechanisms identified."
    }
  ]
}