{
  "tokens": [
    {
      "Token": "Dai",
      "Fixed_Supply_Hard_Cap": 0,
      "Halvening_Exponential_Decay": 0,
      "Linear_Emission": 0,
      "Staged_Vesting_Supply": 0,
      "Inflationary_Supply": 0,
      "Bonding_Curve_Issuance": 0,
      "Rebase_Elastic_Supply": 0,
      "Mint_Burn_On_Demand": 1,
      "Dynamic_Staking_Supply": 0,
      "DAO_Governance_Controlled": 1,
      "Continuous_Auction_Streaming": 0,
      "Other_Emission": 0,
      "Information_Emission": "Dai is minted/burned 1:1 against collateral deposits/repayments; governed by MakerDAO.",
      "Uncertainty_Emission": null
    }
  ]
}