{
  "tokens": [
    {
      "Token": "DeXe",
      "Fixed_Supply_Hard_Cap": 1,
      "Halvening_Exponential_Decay": 0,
      "Linear_Emission": 0,
      "Staged_Vesting_Supply": 0,
      "Inflationary_Supply": 0,
      "Bonding_Curve_Issuance": 0,
      "Rebase_Elastic_Supply": 0,
      "Mint_Burn_On_Demand": 1,
      "Dynamic_Staking_Supply": 1,
      "DAO_Governance_Controlled": 1,
      "Continuous_Auction_Streaming": 0,
      "Other_Emission": 0,
      "Information_Emission": "Fixed supply with buyback and burn; staking rewards; DAO-controlled emissions.",
      "Uncertainty_Emission": "Specific vesting schedules and emission rates not detailed."
    }
  ]
}