{
  "tokens": [
    {
      "Token": "KuCoin_Token",
      "On_Chain_Governance": 1,
      "Off_Chain_Governance": 1,
      "DAO_Governance": 1,
      "Delegated_Voting": 0,
      "Quadratic_Voting": 0,
      "Multi_Signature_Control": 0,
      "Council_Based_Governance": 1,
      "Proposal_Voting_Systems": 1,
      "Time_Locked_Governance": 0,
      "Community_Treasury_Voting": 0,
      "Other_Governance": 0,
      "Information_Governance": "KCS holders participate in governance via GoDAO and KCS Management Foundation.",
      "Uncertainty_Governance": null
    }
  ]
}