{
  "tokens": [
    {
      "Token": "Shiba_Inu",
      "On_Chain_Governance": 1,
      "Off_Chain_Governance": 1,
      "DAO_Governance": 1,
      "Delegated_Voting": 1,
      "Quadratic_Voting": 0,
      "Multi_Signature_Control": 0,
      "Council_Based_Governance": 1,
      "Proposal_Voting_Systems": 1,
      "Time_Locked_Governance": 0,
      "Community_Treasury_Voting": 1,
      "Other_Governance": 0,
      "Information_Governance": "Shiba Inu employs a multi-layered governance model with on-chain and off-chain mechanisms.",
      "Uncertainty_Governance": null
    }
  ]
}