{
  "tokens": [
    {
      "Token": "Decentraland",
      "On_Chain_Governance": 1,
      "Off_Chain_Governance": 1,
      "DAO_Governance": 1,
      "Delegated_Voting": 1,
      "Quadratic_Voting": 0,
      "Multi_Signature_Control": 1,
      "Council_Based_Governance": 1,
      "Proposal_Voting_Systems": 1,
      "Time_Locked_Governance": 1,
      "Community_Treasury_Voting": 1,
      "Other_Governance": 0,
      "Information_Governance": "Decentraland employs a hybrid governance model combining on-chain and off-chain mechanisms.",
      "Uncertainty_Governance": null
    }
  ]
}