{
  "tokens": [
    {
      "Token": "Worldcoin",
      "On_Chain_Governance": 0,
      "Off_Chain_Governance": 1,
      "DAO_Governance": 0,
      "Delegated_Voting": 0,
      "Quadratic_Voting": 0,
      "Multi_Signature_Control": 1,
      "Council_Based_Governance": 1,
      "Proposal_Voting_Systems": 0,
      "Time_Locked_Governance": 0,
      "Community_Treasury_Voting": 0,
      "Other_Governance": 0,
      "Information_Governance": "Governed by World Foundation's board using multi-signature wallet.",
      "Uncertainty_Governance": "Future governance mechanisms under development; details not yet finalized."
    }
  ]
}