{
  "tokens": [
    {
      "Token": "First_Digital_USD",
      "On_Chain_Governance": 0,
      "Off_Chain_Governance": 1,
      "DAO_Governance": 0,
      "Delegated_Voting": 0,
      "Quadratic_Voting": 0,
      "Multi_Signature_Control": 0,
      "Council_Based_Governance": 0,
      "Proposal_Voting_Systems": 0,
      "Time_Locked_Governance": 0,
      "Community_Treasury_Voting": 0,
      "Other_Governance": 0,
      "Information_Governance": "Centralized governance by First Digital Limited, no on-chain voting.",
      "Uncertainty_Governance": null
    }
  ]
}