{
  "tokens": [
    {
      "Token": "Pepe",
      "On_Chain_Governance": 0,
      "Off_Chain_Governance": 0,
      "DAO_Governance": 0,
      "Delegated_Voting": 0,
      "Quadratic_Voting": 0,
      "Multi_Signature_Control": 0,
      "Council_Based_Governance": 0,
      "Proposal_Voting_Systems": 0,
      "Time_Locked_Governance": 0,
      "Community_Treasury_Voting": 0,
      "Other_Governance": 0,
      "Information_Governance": "No formal governance; contract ownership renounced; community influence via social media.",
      "Uncertainty_Governance": "Lack of formal governance structures; community influence is informal."
    }
  ]
}