{
  "tokens": [
    {
      "Token": "DeXe",
      "Fixed_Supply": 0,
      "Inflationary_Supply": 0,
      "Deflationary_Mechanisms": 0,
      "Halving_or_Exponential_Decay": 0,
      "Dynamic_Minting_and_Burning": 0,
      "Bonding_Curves": 0,
      "Continuous_Auctions_and_Streaming": 0,
      "Vesting_and_Staged_Releases": 0,
      "AMM_Pricing": 0,
      "DAO_Governance_Controlled_Pricing": 1,
      "Other_Price_and_Market": 0,
      "Information_Price_and_Market": "DEXE token supply and pricing are governed by DeXe Protocol DAO.",
      "Uncertainty_Price_and_Market": "Specific supply mechanisms are not detailed in available sources."
    }
  ]
}