{
  "tokens": [
    {
      "Token": "PayPal_USD",
      "Smart_Contract_Audits": 0,
      "Bug_Bounty_Programs": 0,
      "Multi_Signature_Wallets": 0,
      "Insurance_Funds": 0,
      "Decentralized_Governance": 0,
      "Rate_Limiting_and_Circuit_Breakers": 1,
      "Token_Vesting_and_Lockups": 0,
      "Oracle_Security": 0,
      "Slashing_Mechanisms": 0,
      "KYC_AML_Compliance": 1,
      "Other_Risk_and_Security": 0,
      "Information_Risk_and_Security": "Centralized stablecoin with regulatory compliance and asset protection mechanisms.",
      "Uncertainty_Risk_and_Security": "No public information on audits or bug bounty programs."
    }
  ]
}