{
  "tokens": [
    {
      "Token": "Tether_USDt",
      "Smart_Contract_Audits": 1,
      "Bug_Bounty_Programs": 0,
      "Multi_Signature_Wallets": 0,
      "Insurance_Funds": 0,
      "Decentralized_Governance": 0,
      "Rate_Limiting_and_Circuit_Breakers": 0,
      "Token_Vesting_and_Lockups": 0,
      "Oracle_Security": 0,
      "Slashing_Mechanisms": 0,
      "KYC_AML_Compliance": 1,
      "Other_Risk_and_Security": 0,
      "Information_Risk_and_Security": "Regular audits and regulatory compliance enhance security.",
      "Uncertainty_Risk_and_Security": "No evidence of bug bounty programs or multi-signature wallets."
    }
  ]
}