{
  "tokens": [
    {
      "Token": "Worldcoin",
      "Smart_Contract_Audits": 1,
      "Bug_Bounty_Programs": 0,
      "Multi_Signature_Wallets": 0,
      "Insurance_Funds": 0,
      "Decentralized_Governance": 1,
      "Rate_Limiting_and_Circuit_Breakers": 0,
      "Token_Vesting_and_Lockups": 1,
      "Oracle_Security": 0,
      "Slashing_Mechanisms": 0,
      "KYC_AML_Compliance": 1,
      "Other_Risk_and_Security": 0,
      "Information_Risk_and_Security": "Audited smart contracts, decentralized governance, token vesting, and KYC compliance.",
      "Uncertainty_Risk_and_Security": "No information found on bug bounty programs, multi-signature wallets, insurance funds, rate limiting, oracle security, or slashing mechanisms."
    }
  ]
}