{
  "tokens": [
    {
      "Token": "Immutable",
      "Smart_Contract_Audits": 1,
      "Bug_Bounty_Programs": 1,
      "Multi_Signature_Wallets": 1,
      "Insurance_Funds": 0,
      "Decentralized_Governance": 1,
      "Rate_Limiting_and_Circuit_Breakers": 0,
      "Token_Vesting_and_Lockups": 1,
      "Oracle_Security": 0,
      "Slashing_Mechanisms": 0,
      "KYC_AML_Compliance": 1,
      "Other_Risk_and_Security": 0,
      "Information_Risk_and_Security": "IMX employs audits, bug bounties, multi-sig wallets, decentralized governance, vesting, and KYC/AML compliance.",
      "Uncertainty_Risk_and_Security": null
    }
  ]
}