{
  "tokens": [
    {
      "Token": "Bitget_Token",
      "Smart_Contract_Audits": 0,
      "Bug_Bounty_Programs": 0,
      "Multi_Signature_Wallets": 0,
      "Insurance_Funds": 1,
      "Decentralized_Governance": 0,
      "Rate_Limiting_and_Circuit_Breakers": 0,
      "Token_Vesting_and_Lockups": 1,
      "Oracle_Security": 0,
      "Slashing_Mechanisms": 0,
      "KYC_AML_Compliance": 0,
      "Other_Risk_and_Security": 0,
      "Information_Risk_and_Security": "BGB employs token burns and maintains a $600M Protection Fund.",
      "Uncertainty_Risk_and_Security": "No public information on audits, bug bounties, or governance mechanisms."
    }
  ]
}