{
  "tokens": [
    {
      "Token": "Onyxcoin",
      "Smart_Contract_Audits": 1,
      "Bug_Bounty_Programs": 0,
      "Multi_Signature_Wallets": 0,
      "Insurance_Funds": 0,
      "Decentralized_Governance": 1,
      "Rate_Limiting_and_Circuit_Breakers": 0,
      "Token_Vesting_and_Lockups": 0,
      "Oracle_Security": 0,
      "Slashing_Mechanisms": 0,
      "KYC_AML_Compliance": 0,
      "Other_Risk_and_Security": 1,
      "Information_Risk_and_Security": "Audited smart contracts, decentralized governance, and fraud-proof mechanisms enhance security.",
      "Uncertainty_Risk_and_Security": "No information found on bug bounties, multi-signature wallets, or insurance funds."
    }
  ]
}