{
  "tokens": [
    {
      "Token": "Decentraland",
      "Smart_Contract_Audits": 0,
      "Bug_Bounty_Programs": 0,
      "Multi_Signature_Wallets": 1,
      "Insurance_Funds": 0,
      "Decentralized_Governance": 1,
      "Rate_Limiting_and_Circuit_Breakers": 0,
      "Token_Vesting_and_Lockups": 0,
      "Oracle_Security": 0,
      "Slashing_Mechanisms": 0,
      "KYC_AML_Compliance": 0,
      "Other_Risk_and_Security": 0,
      "Information_Risk_and_Security": "Utilizes multisig wallets and decentralized governance for enhanced security.",
      "Uncertainty_Risk_and_Security": "No public information on audits, bug bounties, or other security measures."
    }
  ]
}