{
  "tokens": [
    {
      "Token": "Onyxcoin",
      "Cliff_Period": 1,
      "Linear_Vesting": 1,
      "Graded_Vesting": 0,
      "Milestone_Based_Vesting": 0,
      "Hybrid_Vesting": 0,
      "Revocable_Vesting": 0,
      "Non_Revocable_Vesting": 1,
      "Team_Founder_Vesting": 0,
      "Investor_Vesting": 0,
      "Community_Incentive_Vesting": 0,
      "Other_Vesting_and_Cliff": 0,
      "Information_Vesting_and_Cliff": "Onyxcoin employs cliff and linear vesting schedules until 2030.",
      "Uncertainty_Vesting_and_Cliff": "Specifics on team and investor vesting schedules are not detailed."
    }
  ]
}