{
  "tokens": [
    {
      "Token": "Maple_Finance",
      "Cliff_Period": 0,
      "Linear_Vesting": 1,
      "Graded_Vesting": 0,
      "Milestone_Based_Vesting": 0,
      "Hybrid_Vesting": 0,
      "Revocable_Vesting": 0,
      "Non_Revocable_Vesting": 1,
      "Team_Founder_Vesting": 1,
      "Investor_Vesting": 1,
      "Community_Incentive_Vesting": 0,
      "Other_Vesting_and_Cliff": 0,
      "Information_Vesting_and_Cliff": "Linear vesting for team (2 years) and investors (1.5 years).",
      "Uncertainty_Vesting_and_Cliff": null
    }
  ]
}