{
  "tokens": [
    {
      "Token": "PAX_Gold",
      "Cliff_Period": 0,
      "Linear_Vesting": 0,
      "Graded_Vesting": 0,
      "Milestone_Based_Vesting": 0,
      "Hybrid_Vesting": 0,
      "Revocable_Vesting": 0,
      "Non_Revocable_Vesting": 0,
      "Team_Founder_Vesting": 0,
      "Investor_Vesting": 0,
      "Community_Incentive_Vesting": 0,
      "Other_Vesting_and_Cliff": 0,
      "Information_Vesting_and_Cliff": "PAXG does not have vesting schedules or unlocks; all tokens in supply were minted because someone paid full price. There is no founder allocation or developer fund in PAXG, eliminating dilution concerns common in tokenomics of ICO projects.",
      "Uncertainty_Vesting_and_Cliff": null
    }
  ]
}