{
  "tokens": [
    {
      "Token": "POL_(prev._MATIC)",
      "Cliff_Period": 0,
      "Linear_Vesting": 1,
      "Graded_Vesting": 0,
      "Milestone_Based_Vesting": 0,
      "Hybrid_Vesting": 0,
      "Revocable_Vesting": 0,
      "Non_Revocable_Vesting": 1,
      "Team_Founder_Vesting": 0,
      "Investor_Vesting": 0,
      "Community_Incentive_Vesting": 1,
      "Other_Vesting_and_Cliff": 0,
      "Information_Vesting_and_Cliff": "Linear vesting for validator rewards and community treasury allocations.",
      "Uncertainty_Vesting_and_Cliff": "Specific vesting details for team and investors not found."
    }
  ]
}