{
  "tokens": [
    {
      "Token": "Decentraland",
      "Cliff_Period": 1,
      "Linear_Vesting": 1,
      "Graded_Vesting": 0,
      "Milestone_Based_Vesting": 0,
      "Hybrid_Vesting": 1,
      "Revocable_Vesting": 1,
      "Non_Revocable_Vesting": 0,
      "Team_Founder_Vesting": 1,
      "Investor_Vesting": 0,
      "Community_Incentive_Vesting": 1,
      "Other_Vesting_and_Cliff": 0,
      "Information_Vesting_and_Cliff": "Team: 6-month cliff, 3-year linear vesting; DAO: 10-year linear vesting.",
      "Uncertainty_Vesting_and_Cliff": null
    }
  ]
}